{
  "filename": "testt.txt",
  "filepath": "C:\\Users\\user1\\Downloads\\testt.txt",
  "filesize": 36,
  "sha256": "b76eb2a84946940448726276c5a2cca20a08aee2070cef5c53aea97092eff751",
  "modified_time": 1770192655.2697396,
  "upload_time": "2026-02-04T13:50:30.680975",
  "client_info": {
    "hostname": "IN5CG43731J1-UM",
    "username": "user1",
    "platform": "Windows",
    "platform_version": "10.0.26200",
    "architecture": "64bit",
    "processor": "Intel64 Family 6 Model 170 Stepping 4, GenuineIntel",
    "python_version": "3.14.2",
    "ip_address": "192.168.1.5",
    "timestamp": "2026-02-04T13:49:17.845715"
  },
  "original_filename": "testt.txt",
  "safe_filename": "20260204_135030_testt.txt",
  "file_size": 36,
  "client_ip": "192.168.1.5"
}