{
  "filename": "testt.txt",
  "filesize": 36,
  "sha256": "b76eb2a84946940448726276c5a2cca20a08aee2070cef5c53aea97092eff751",
  "client_info": {
    "hostname": "IN5CG43731J1-UM",
    "username": "user1",
    "platform": "Windows",
    "platform_version": "10.0.26200",
    "python_version": "3.14.2",
    "cwd": "C:\\Users\\user1\\Downloads\\python-3.14.2-embed-amd64"
  },
  "original_filename": "testt.txt",
  "safe_filename": "testt(2).txt",
  "file_size": 36,
  "upload_time": "2026-02-04T14:40:28.822090",
  "client_ip": "192.168.1.5"
}